IP地址,端口,TLS,数据中心,国家,地区,城市,ASN,ORG,延迟(ms),速度(MB/s)
140.238.2.153,59408,TRUE,ICN,KR,Asia Pacific,Seoul,31898,ORACLE-BMC-31898,215,27.37
193.123.250.205,56785,TRUE,ICN,KR,Asia Pacific,Seoul,31898,ORACLE-BMC-31898,246,25.14
146.56.161.141,45593,TRUE,ICN,KR,Asia Pacific,Seoul,31898,ORACLE-BMC-31898,237,24.86
132.226.172.226,46730,TRUE,ICN,KR,Asia Pacific,Seoul,31898,ORACLE-BMC-31898,233,24.84
129.154.192.228,55040,TRUE,ICN,KR,Asia Pacific,Seoul,31898,ORACLE-BMC-31898,209,19.55
152.70.234.249,55348,TRUE,ICN,KR,Asia Pacific,Seoul,31898,ORACLE-BMC-31898,246,19.38
210.183.35.135,39919,TRUE,ICN,KR,Asia Pacific,Seoul,4766,Korea Telecom,358,8.66
146.56.141.168,47590,TRUE,ICN,KR,Asia Pacific,Seoul,31898,ORACLE-BMC-31898,219,8.60
222.112.65.62,39934,TRUE,ICN,KR,Asia Pacific,Seoul,4766,Korea Telecom,393,8.59
121.131.91.22,39989,TRUE,ICN,KR,Asia Pacific,Seoul,4766,Korea Telecom,375,8.54
1.236.13.140,39925,TRUE,ICN,KR,Asia Pacific,Seoul,9318,SK Broadband Co Ltd,350,8.54
210.183.35.135,39813,TRUE,ICN,KR,Asia Pacific,Seoul,4766,Korea Telecom,353,8.50
203.243.29.220,39862,TRUE,ICN,KR,Asia Pacific,Seoul,4766,Korea Telecom,341,8.31
218.147.177.196,39940,TRUE,ICN,KR,Asia Pacific,Seoul,4766,Korea Telecom,371,8.23
118.219.166.120,39976,TRUE,ICN,KR,Asia Pacific,Seoul,9318,SK Broadband Co Ltd,363,8.19
220.94.35.240,50025,TRUE,ICN,KR,Asia Pacific,Seoul,4766,Korea Telecom,318,8.18
218.147.177.196,39976,TRUE,ICN,KR,Asia Pacific,Seoul,4766,Korea Telecom,338,8.10
218.154.203.189,39976,TRUE,ICN,KR,Asia Pacific,Seoul,4766,Korea Telecom,323,8.09
222.112.65.62,39940,TRUE,ICN,KR,Asia Pacific,Seoul,4766,Korea Telecom,385,8.02
222.113.157.221,39985,TRUE,ICN,KR,Asia Pacific,Seoul,4766,Korea Telecom,363,7.98
175.121.2.213,39945,TRUE,ICN,KR,Asia Pacific,Seoul,9318,SK Broadband Co Ltd,461,7.94
211.106.6.14,39819,TRUE,ICN,KR,Asia Pacific,Seoul,4766,Korea Telecom,360,7.90
218.147.177.196,39946,TRUE,ICN,KR,Asia Pacific,Seoul,4766,Korea Telecom,340,7.90
222.108.106.148,39931,TRUE,ICN,KR,Asia Pacific,Seoul,4766,Korea Telecom,341,7.87
218.147.177.196,39954,TRUE,ICN,KR,Asia Pacific,Seoul,4766,Korea Telecom,464,7.82
121.170.103.123,39845,TRUE,ICN,KR,Asia Pacific,Seoul,4766,Korea Telecom,339,7.77
211.229.104.4,39867,TRUE,ICN,KR,Asia Pacific,Seoul,4766,Korea Telecom,335,7.70
210.222.133.55,39982,TRUE,ICN,KR,Asia Pacific,Seoul,4766,Korea Telecom,377,7.68
121.154.95.24,39876,TRUE,ICN,KR,Asia Pacific,Seoul,4766,Korea Telecom,401,7.64
58.234.19.225,50037,TRUE,ICN,KR,Asia Pacific,Seoul,9318,SK Broadband Co Ltd,413,7.63
112.159.31.72,50020,TRUE,ICN,KR,Asia Pacific,Seoul,17858,LG POWERCOMM,330,7.62
121.172.26.67,39969,TRUE,ICN,KR,Asia Pacific,Seoul,4766,Korea Telecom,339,7.60
116.40.251.4,45032,TRUE,ICN,KR,Asia Pacific,Seoul,17858,LG POWERCOMM,325,7.59
121.124.114.17,39928,TRUE,ICN,KR,Asia Pacific,Seoul,9318,SK Broadband Co Ltd,400,7.57
1.252.20.134,50035,TRUE,ICN,KR,Asia Pacific,Seoul,9318,SK Broadband Co Ltd,383,7.57
210.183.35.135,39995,TRUE,ICN,KR,Asia Pacific,Seoul,4766,Korea Telecom,355,7.56
210.222.133.55,39967,TRUE,ICN,KR,Asia Pacific,Seoul,4766,Korea Telecom,336,7.56
211.252.58.154,39863,TRUE,ICN,KR,Asia Pacific,Seoul,4766,Korea Telecom,367,7.55
175.125.207.253,39973,TRUE,ICN,KR,Asia Pacific,Seoul,9318,SK Broadband Co Ltd,323,7.54
125.143.46.209,39967,TRUE,ICN,KR,Asia Pacific,Seoul,4766,Korea Telecom,367,7.54
124.54.210.132,50034,TRUE,ICN,KR,Asia Pacific,Seoul,17858,LG POWERCOMM,333,7.53
121.181.17.93,39948,TRUE,ICN,KR,Asia Pacific,Seoul,4766,Korea Telecom,320,7.53
1.209.234.83,50030,TRUE,ICN,KR,Asia Pacific,Seoul,3786,LG DACOM Corporation,328,7.52
182.161.162.122,45007,TRUE,ICN,KR,Asia Pacific,Seoul,45361,Ulsan Jung-Ang Broadcasting Network,392,7.51
221.146.248.129,39855,TRUE,ICN,KR,Asia Pacific,Seoul,4766,Korea Telecom,348,7.51
221.153.42.212,39968,TRUE,ICN,KR,Asia Pacific,Seoul,4766,Korea Telecom,338,7.50
211.221.204.75,39922,TRUE,ICN,KR,Asia Pacific,Seoul,4766,Korea Telecom,343,7.49
61.80.181.51,50035,TRUE,ICN,KR,Asia Pacific,Seoul,4766,Korea Telecom,426,7.48
183.98.182.70,39983,TRUE,ICN,KR,Asia Pacific,Seoul,4766,Korea Telecom,337,7.47
193.123.243.33,43956,TRUE,ICN,KR,Asia Pacific,Seoul,31898,ORACLE-BMC-31898,250,7.44
182.226.53.214,39930,TRUE,ICN,KR,Asia Pacific,Seoul,17858,LG POWERCOMM,349,7.41
121.170.103.123,39995,TRUE,ICN,KR,Asia Pacific,Seoul,4766,Korea Telecom,372,7.41
183.96.44.155,39886,TRUE,ICN,KR,Asia Pacific,Seoul,4766,Korea Telecom,352,7.39
14.45.121.195,50025,TRUE,ICN,KR,Asia Pacific,Seoul,4766,Korea Telecom,315,7.39
125.135.176.158,39891,TRUE,ICN,KR,Asia Pacific,Seoul,4766,Korea Telecom,352,7.39
175.209.202.142,39898,TRUE,ICN,KR,Asia Pacific,Seoul,4766,Korea Telecom,332,7.36
121.124.114.17,39821,TRUE,ICN,KR,Asia Pacific,Seoul,9318,SK Broadband Co Ltd,381,7.36
118.36.16.183,39907,TRUE,ICN,KR,Asia Pacific,Seoul,4766,Korea Telecom,352,7.36
125.135.123.97,50028,TRUE,ICN,KR,Asia Pacific,Seoul,4766,Korea Telecom,331,7.33
118.41.7.140,50036,TRUE,ICN,KR,Asia Pacific,Seoul,4766,Korea Telecom,363,7.32
27.119.235.222,50036,TRUE,ICN,KR,Asia Pacific,Seoul,17864,SK Broadband Co Ltd,333,7.31
175.211.129.76,39945,TRUE,ICN,KR,Asia Pacific,Seoul,4766,Korea Telecom,369,7.30
59.4.71.105,39832,TRUE,ICN,KR,Asia Pacific,Seoul,4766,Korea Telecom,337,7.30
116.120.167.173,50040,TRUE,ICN,KR,Asia Pacific,Seoul,9318,SK Broadband Co Ltd,403,7.29
211.207.47.238,39839,TRUE,ICN,KR,Asia Pacific,Seoul,9318,SK Broadband Co Ltd,310,7.28
218.153.122.205,39832,TRUE,ICN,KR,Asia Pacific,Seoul,4766,Korea Telecom,369,7.28
121.170.103.123,39923,TRUE,ICN,KR,Asia Pacific,Seoul,4766,Korea Telecom,341,7.27
115.90.2.220,50034,TRUE,ICN,KR,Asia Pacific,Seoul,3786,LG DACOM Corporation,323,7.25
121.148.30.109,39872,TRUE,ICN,KR,Asia Pacific,Seoul,4766,Korea Telecom,369,7.21
218.147.189.163,50025,TRUE,ICN,KR,Asia Pacific,Seoul,4766,Korea Telecom,318,7.21
58.141.91.212,50034,TRUE,ICN,KR,Asia Pacific,Seoul,7562,HCN Dongjak,257,7.20
121.172.26.67,39822,TRUE,ICN,KR,Asia Pacific,Seoul,4766,Korea Telecom,352,7.20
58.76.29.241,39913,TRUE,ICN,KR,Asia Pacific,Seoul,17586,LG HelloVision Corp.,332,7.17
14.38.149.13,39839,TRUE,ICN,KR,Asia Pacific,Seoul,4766,Korea Telecom,342,7.17
115.91.165.115,50040,TRUE,ICN,KR,Asia Pacific,Seoul,3786,LG DACOM Corporation,400,7.16
59.20.35.183,39896,TRUE,ICN,KR,Asia Pacific,Seoul,4766,Korea Telecom,372,7.13
1.255.181.62,39893,TRUE,ICN,KR,Asia Pacific,Seoul,9318,SK Broadband Co Ltd,355,7.13
27.119.235.223,50032,TRUE,ICN,KR,Asia Pacific,Seoul,17864,SK Broadband Co Ltd,308,7.13
210.90.151.247,39821,TRUE,ICN,KR,Asia Pacific,Seoul,4766,Korea Telecom,344,7.11
222.96.55.131,50031,TRUE,ICN,KR,Asia Pacific,Seoul,4766,Korea Telecom,348,7.11
121.179.218.9,39910,TRUE,ICN,KR,Asia Pacific,Seoul,4766,Korea Telecom,392,7.10
175.212.237.31,39837,TRUE,ICN,KR,Asia Pacific,Seoul,4766,Korea Telecom,332,7.08
222.108.223.246,39816,TRUE,ICN,KR,Asia Pacific,Seoul,4766,Korea Telecom,369,7.07
220.122.69.165,39863,TRUE,ICN,KR,Asia Pacific,Seoul,4766,Korea Telecom,351,7.07
1.229.171.195,50034,TRUE,ICN,KR,Asia Pacific,Seoul,9318,SK Broadband Co Ltd,303,7.06
115.22.114.174,39964,TRUE,ICN,KR,Asia Pacific,Seoul,4766,Korea Telecom,389,7.05
221.162.188.134,39965,TRUE,ICN,KR,Asia Pacific,Seoul,4766,Korea Telecom,354,7.03
175.121.23.104,39877,TRUE,ICN,KR,Asia Pacific,Seoul,9318,SK Broadband Co Ltd,369,7.02
14.44.61.169,39816,TRUE,ICN,KR,Asia Pacific,Seoul,4766,Korea Telecom,383,7.00
110.46.14.124,39860,TRUE,ICN,KR,Asia Pacific,Seoul,9845,LG HelloVision Corp.,393,7.00
61.73.62.15,39868,TRUE,ICN,KR,Asia Pacific,Seoul,4766,Korea Telecom,457,6.99
211.221.204.75,39908,TRUE,ICN,KR,Asia Pacific,Seoul,4766,Korea Telecom,320,6.99
220.87.104.90,39897,TRUE,ICN,KR,Asia Pacific,Seoul,4766,Korea Telecom,373,6.97
112.172.45.110,39815,TRUE,ICN,KR,Asia Pacific,Seoul,4766,Korea Telecom,345,6.96
222.113.157.221,39847,TRUE,ICN,KR,Asia Pacific,Seoul,4766,Korea Telecom,346,6.94
118.130.200.4,50031,TRUE,ICN,KR,Asia Pacific,Seoul,3786,LG DACOM Corporation,354,6.94
211.199.66.141,45027,TRUE,ICN,KR,Asia Pacific,Seoul,4766,Korea Telecom,344,6.93
106.251.244.62,50037,TRUE,ICN,KR,Asia Pacific,Seoul,3786,LG DACOM Corporation,335,6.93
182.230.215.148,39945,TRUE,ICN,KR,Asia Pacific,Seoul,17858,LG POWERCOMM,420,6.92
210.223.31.72,39915,TRUE,ICN,KR,Asia Pacific,Seoul,4766,Korea Telecom,355,6.90
61.77.34.212,39864,TRUE,ICN,KR,Asia Pacific,Seoul,4766,Korea Telecom,357,6.90
61.85.230.208,39932,TRUE,ICN,KR,Asia Pacific,Seoul,4766,Korea Telecom,385,6.89
222.100.127.166,50036,TRUE,ICN,KR,Asia Pacific,Seoul,4766,Korea Telecom,348,6.89
115.88.75.154,50026,TRUE,ICN,KR,Asia Pacific,Seoul,3786,LG DACOM Corporation,298,6.88
221.149.111.12,39924,TRUE,ICN,KR,Asia Pacific,Seoul,4766,Korea Telecom,348,6.87
118.216.16.203,39881,TRUE,ICN,KR,Asia Pacific,Seoul,9318,SK Broadband Co Ltd,348,6.87
210.100.133.84,39878,TRUE,ICN,KR,Asia Pacific,Seoul,4766,Korea Telecom,332,6.85
218.39.175.87,50024,TRUE,ICN,KR,Asia Pacific,Seoul,9318,SK Broadband Co Ltd,325,6.83
49.246.56.253,50027,TRUE,ICN,KR,Asia Pacific,Seoul,10054,CMB Kwangju Broadcasting,318,6.81
121.176.171.238,39858,TRUE,ICN,KR,Asia Pacific,Seoul,4766,Korea Telecom,342,6.81
106.242.221.130,50027,TRUE,ICN,KR,Asia Pacific,Seoul,3786,LG DACOM Corporation,339,6.78
218.155.76.56,50032,TRUE,ICN,KR,Asia Pacific,Seoul,4766,Korea Telecom,353,6.78
183.97.43.222,39929,TRUE,ICN,KR,Asia Pacific,Seoul,4766,Korea Telecom,375,6.77
222.109.51.28,39872,TRUE,ICN,KR,Asia Pacific,Seoul,4766,Korea Telecom,355,6.76
220.87.104.90,39954,TRUE,ICN,KR,Asia Pacific,Seoul,4766,Korea Telecom,391,6.75
175.202.245.109,39955,TRUE,ICN,KR,Asia Pacific,Seoul,4766,Korea Telecom,390,6.75
121.168.90.204,39996,TRUE,ICN,KR,Asia Pacific,Seoul,4766,Korea Telecom,325,6.74
210.178.50.247,50037,TRUE,ICN,KR,Asia Pacific,Seoul,4766,Korea Telecom,394,6.73
114.30.225.88,50025,TRUE,ICN,KR,Asia Pacific,Seoul,38121,LG HelloVision Corp.,374,6.72
121.173.113.144,50034,TRUE,ICN,KR,Asia Pacific,Seoul,4766,Korea Telecom,378,6.71
222.98.171.193,39855,TRUE,ICN,KR,Asia Pacific,Seoul,4766,Korea Telecom,340,6.69
59.5.178.164,50034,TRUE,ICN,KR,Asia Pacific,Seoul,4766,Korea Telecom,351,6.69
121.149.222.38,39962,TRUE,ICN,KR,Asia Pacific,Seoul,4766,Korea Telecom,354,6.69
211.223.116.99,39885,TRUE,ICN,KR,Asia Pacific,Seoul,4766,Korea Telecom,382,6.68
219.250.207.217,39885,TRUE,ICN,KR,Asia Pacific,Seoul,9318,SK Broadband Co Ltd,361,6.67
175.212.237.31,39942,TRUE,ICN,KR,Asia Pacific,Seoul,4766,Korea Telecom,352,6.67
222.117.239.17,39872,TRUE,ICN,KR,Asia Pacific,Seoul,4766,Korea Telecom,375,6.66
211.194.201.60,39815,TRUE,ICN,KR,Asia Pacific,Seoul,4766,Korea Telecom,365,6.65
183.96.16.104,39836,TRUE,ICN,KR,Asia Pacific,Seoul,4766,Korea Telecom,329,6.64
183.99.252.103,39949,TRUE,ICN,KR,Asia Pacific,Seoul,4766,Korea Telecom,423,6.64
211.252.58.154,39962,TRUE,ICN,KR,Asia Pacific,Seoul,4766,Korea Telecom,363,6.64
121.131.201.82,39995,TRUE,ICN,KR,Asia Pacific,Seoul,4766,Korea Telecom,345,6.60
121.177.79.245,39961,TRUE,ICN,KR,Asia Pacific,Seoul,4766,Korea Telecom,355,6.60
221.149.111.12,39984,TRUE,ICN,KR,Asia Pacific,Seoul,4766,Korea Telecom,356,6.60
121.152.127.130,45013,TRUE,ICN,KR,Asia Pacific,Seoul,4766,Korea Telecom,316,6.60
61.77.34.212,39918,TRUE,ICN,KR,Asia Pacific,Seoul,4766,Korea Telecom,393,6.59
203.243.29.220,39817,TRUE,ICN,KR,Asia Pacific,Seoul,4766,Korea Telecom,377,6.59
221.155.187.77,50031,TRUE,ICN,KR,Asia Pacific,Seoul,4766,Korea Telecom,326,6.58
121.149.108.131,39857,TRUE,ICN,KR,Asia Pacific,Seoul,4766,Korea Telecom,354,6.58
121.171.248.45,39944,TRUE,ICN,KR,Asia Pacific,Seoul,4766,Korea Telecom,372,6.58
121.163.246.253,39880,TRUE,ICN,KR,Asia Pacific,Seoul,4766,Korea Telecom,340,6.58
210.103.11.179,50024,TRUE,ICN,KR,Asia Pacific,Seoul,4766,Korea Telecom,302,6.58
220.87.237.210,39896,TRUE,ICN,KR,Asia Pacific,Seoul,4766,Korea Telecom,383,6.57
14.44.32.251,39866,TRUE,ICN,KR,Asia Pacific,Seoul,4766,Korea Telecom,343,6.57
59.14.218.144,50025,TRUE,ICN,KR,Asia Pacific,Seoul,4766,Korea Telecom,356,6.57
121.153.248.205,39898,TRUE,ICN,KR,Asia Pacific,Seoul,4766,Korea Telecom,464,6.57
119.196.101.194,39942,TRUE,ICN,KR,Asia Pacific,Seoul,4766,Korea Telecom,395,6.57
222.104.159.198,39894,TRUE,ICN,KR,Asia Pacific,Seoul,4766,Korea Telecom,330,6.56
210.90.151.247,39915,TRUE,ICN,KR,Asia Pacific,Seoul,4766,Korea Telecom,350,6.54
14.54.63.38,50030,TRUE,ICN,KR,Asia Pacific,Seoul,4766,Korea Telecom,309,6.53
182.226.9.83,50028,TRUE,ICN,KR,Asia Pacific,Seoul,17858,LG POWERCOMM,336,6.53
61.74.89.221,39948,TRUE,ICN,KR,Asia Pacific,Seoul,4766,Korea Telecom,374,6.52
14.40.22.81,39829,TRUE,ICN,KR,Asia Pacific,Seoul,4766,Korea Telecom,352,6.52
1.220.146.22,45018,TRUE,ICN,KR,Asia Pacific,Seoul,3786,LG DACOM Corporation,395,6.51
210.103.11.179,50035,TRUE,ICN,KR,Asia Pacific,Seoul,4766,Korea Telecom,422,6.51
121.165.251.66,39890,TRUE,ICN,KR,Asia Pacific,Seoul,4766,Korea Telecom,343,6.49
14.54.148.237,39941,TRUE,ICN,KR,Asia Pacific,Seoul,4766,Korea Telecom,358,6.48
61.77.216.8,39881,TRUE,ICN,KR,Asia Pacific,Seoul,4766,Korea Telecom,348,6.48
211.59.29.184,50027,TRUE,ICN,KR,Asia Pacific,Seoul,9318,SK Broadband Co Ltd,333,6.48
218.147.208.141,50037,TRUE,ICN,KR,Asia Pacific,Seoul,4766,Korea Telecom,420,6.48
115.20.196.36,50024,TRUE,ICN,KR,Asia Pacific,Seoul,4766,Korea Telecom,360,6.47
218.232.30.205,50025,TRUE,ICN,KR,Asia Pacific,Seoul,9318,SK Broadband Co Ltd,327,6.47
175.212.237.31,39861,TRUE,ICN,KR,Asia Pacific,Seoul,4766,Korea Telecom,337,6.46
112.185.35.58,39827,TRUE,ICN,KR,Asia Pacific,Seoul,4766,Korea Telecom,442,6.46
14.44.61.169,39949,TRUE,ICN,KR,Asia Pacific,Seoul,4766,Korea Telecom,363,6.45
119.204.156.245,39880,TRUE,ICN,KR,Asia Pacific,Seoul,4766,Korea Telecom,408,6.44
59.3.2.194,50030,TRUE,ICN,KR,Asia Pacific,Seoul,4766,Korea Telecom,331,6.41
61.73.87.183,39957,TRUE,ICN,KR,Asia Pacific,Seoul,4766,Korea Telecom,371,6.39
183.98.182.70,39869,TRUE,ICN,KR,Asia Pacific,Seoul,4766,Korea Telecom,353,6.38
183.96.16.104,39936,TRUE,ICN,KR,Asia Pacific,Seoul,4766,Korea Telecom,342,6.38
121.175.54.166,50027,TRUE,ICN,KR,Asia Pacific,Seoul,4766,Korea Telecom,369,6.38
58.238.88.129,39991,TRUE,ICN,KR,Asia Pacific,Seoul,9318,SK Broadband Co Ltd,359,6.38
14.47.149.140,39956,TRUE,ICN,KR,Asia Pacific,Seoul,4766,Korea Telecom,348,6.37
220.84.131.183,39911,TRUE,ICN,KR,Asia Pacific,Seoul,4766,Korea Telecom,376,6.36
118.34.182.50,50032,TRUE,ICN,KR,Asia Pacific,Seoul,4766,Korea Telecom,307,6.36
220.78.4.3,39914,TRUE,ICN,KR,Asia Pacific,Seoul,4766,Korea Telecom,324,6.35
211.198.86.60,39887,TRUE,ICN,KR,Asia Pacific,Seoul,4766,Korea Telecom,357,6.35
218.147.208.141,50028,TRUE,ICN,KR,Asia Pacific,Seoul,4766,Korea Telecom,333,6.35
61.254.22.254,50032,TRUE,ICN,KR,Asia Pacific,Seoul,9318,SK Broadband Co Ltd,311,6.31
175.193.62.86,39999,TRUE,ICN,KR,Asia Pacific,Seoul,4766,Korea Telecom,358,6.30
222.97.154.21,50025,TRUE,ICN,KR,Asia Pacific,Seoul,4766,Korea Telecom,335,6.30
183.97.164.92,50029,TRUE,ICN,KR,Asia Pacific,Seoul,4766,Korea Telecom,332,6.29
203.232.127.206,39991,TRUE,ICN,KR,Asia Pacific,Seoul,4766,Korea Telecom,341,6.29
118.38.198.2,39815,TRUE,ICN,KR,Asia Pacific,Seoul,4766,Korea Telecom,353,6.28
1.214.208.5,50034,TRUE,ICN,KR,Asia Pacific,Seoul,3786,LG DACOM Corporation,386,6.28
180.68.62.68,39901,TRUE,ICN,KR,Asia Pacific,Seoul,9318,SK Broadband Co Ltd,353,6.27
211.248.30.42,39902,TRUE,ICN,KR,Asia Pacific,Seoul,4766,Korea Telecom,380,6.27
121.136.20.143,50026,TRUE,ICN,KR,Asia Pacific,Seoul,4766,Korea Telecom,325,6.26
121.140.79.69,39944,TRUE,ICN,KR,Asia Pacific,Seoul,4766,Korea Telecom,371,6.26
121.181.17.93,39979,TRUE,ICN,KR,Asia Pacific,Seoul,4766,Korea Telecom,358,6.26
61.77.34.212,39982,TRUE,ICN,KR,Asia Pacific,Seoul,4766,Korea Telecom,341,6.24
203.243.29.220,39944,TRUE,ICN,KR,Asia Pacific,Seoul,4766,Korea Telecom,421,6.24
211.63.33.138,39997,TRUE,ICN,KR,Asia Pacific,Seoul,3786,LG DACOM Corporation,354,6.24
222.101.89.155,39814,TRUE,ICN,KR,Asia Pacific,Seoul,4766,Korea Telecom,326,6.24
175.211.144.56,39998,TRUE,ICN,KR,Asia Pacific,Seoul,4766,Korea Telecom,379,6.24
121.154.0.42,50034,TRUE,ICN,KR,Asia Pacific,Seoul,4766,Korea Telecom,321,6.24
61.80.181.51,50027,TRUE,ICN,KR,Asia Pacific,Seoul,4766,Korea Telecom,303,6.23
121.129.138.251,39876,TRUE,ICN,KR,Asia Pacific,Seoul,4766,Korea Telecom,331,6.23
203.243.29.220,39987,TRUE,ICN,KR,Asia Pacific,Seoul,4766,Korea Telecom,357,6.23
175.203.204.222,50035,TRUE,ICN,KR,Asia Pacific,Seoul,4766,Korea Telecom,396,6.23
59.2.231.161,39911,TRUE,ICN,KR,Asia Pacific,Seoul,4766,Korea Telecom,404,6.22
112.161.83.33,39951,TRUE,ICN,KR,Asia Pacific,Seoul,4766,Korea Telecom,370,6.22
222.108.94.228,50027,TRUE,ICN,KR,Asia Pacific,Seoul,4766,Korea Telecom,331,6.21
218.152.203.24,39859,TRUE,ICN,KR,Asia Pacific,Seoul,4766,Korea Telecom,345,6.20
218.155.235.187,39963,TRUE,ICN,KR,Asia Pacific,Seoul,4766,Korea Telecom,353,6.20
115.88.27.28,39971,TRUE,ICN,KR,Asia Pacific,Seoul,3786,LG DACOM Corporation,398,6.19
218.154.216.119,39877,TRUE,ICN,KR,Asia Pacific,Seoul,4766,Korea Telecom,368,6.19
14.41.85.118,39936,TRUE,ICN,KR,Asia Pacific,Seoul,4766,Korea Telecom,357,6.15
106.251.50.133,50031,TRUE,ICN,KR,Asia Pacific,Seoul,3786,LG DACOM Corporation,379,6.15
203.243.29.220,39938,TRUE,ICN,KR,Asia Pacific,Seoul,4766,Korea Telecom,468,6.15
121.181.17.93,39906,TRUE,ICN,KR,Asia Pacific,Seoul,4766,Korea Telecom,341,6.14
115.94.44.211,50035,TRUE,ICN,KR,Asia Pacific,Seoul,3786,LG DACOM Corporation,426,6.14
112.185.201.42,39833,TRUE,ICN,KR,Asia Pacific,Seoul,4766,Korea Telecom,334,6.13
221.164.129.136,39962,TRUE,ICN,KR,Asia Pacific,Seoul,4766,Korea Telecom,376,6.13
112.161.83.33,39944,TRUE,ICN,KR,Asia Pacific,Seoul,4766,Korea Telecom,373,6.12
121.164.186.91,39820,TRUE,ICN,KR,Asia Pacific,Seoul,4766,Korea Telecom,375,6.11
210.90.151.247,39943,TRUE,ICN,KR,Asia Pacific,Seoul,4766,Korea Telecom,365,6.11
1.221.231.226,50031,TRUE,ICN,KR,Asia Pacific,Seoul,3786,LG DACOM Corporation,368,6.10
125.132.109.199,50031,TRUE,ICN,KR,Asia Pacific,Seoul,4766,Korea Telecom,324,6.09
115.22.153.73,50025,TRUE,ICN,KR,Asia Pacific,Seoul,4766,Korea Telecom,304,6.08
221.162.188.134,39880,TRUE,ICN,KR,Asia Pacific,Seoul,4766,Korea Telecom,335,6.08
14.56.103.251,50031,TRUE,ICN,KR,Asia Pacific,Seoul,4766,Korea Telecom,369,6.08
175.125.207.253,39817,TRUE,ICN,KR,Asia Pacific,Seoul,9318,SK Broadband Co Ltd,370,6.08
121.168.236.190,45014,TRUE,ICN,KR,Asia Pacific,Seoul,4766,Korea Telecom,331,6.07
211.194.29.8,39908,TRUE,ICN,KR,Asia Pacific,Seoul,4766,Korea Telecom,347,6.07
210.91.8.234,50029,TRUE,ICN,KR,Asia Pacific,Seoul,4766,Korea Telecom,308,6.07
210.90.151.247,39827,TRUE,ICN,KR,Asia Pacific,Seoul,4766,Korea Telecom,360,6.06
59.2.231.161,39937,TRUE,ICN,KR,Asia Pacific,Seoul,4766,Korea Telecom,341,6.05
58.230.12.228,39870,TRUE,ICN,KR,Asia Pacific,Seoul,9318,SK Broadband Co Ltd,356,6.05
121.66.67.165,50027,TRUE,ICN,KR,Asia Pacific,Seoul,3786,LG DACOM Corporation,329,6.04
121.172.119.75,50024,TRUE,ICN,KR,Asia Pacific,Seoul,4766,Korea Telecom,341,6.04
210.90.151.247,39961,TRUE,ICN,KR,Asia Pacific,Seoul,4766,Korea Telecom,362,6.03
118.131.115.3,39887,TRUE,ICN,KR,Asia Pacific,Seoul,3786,LG DACOM Corporation,356,6.03
115.94.193.222,50030,TRUE,ICN,KR,Asia Pacific,Seoul,3786,LG DACOM Corporation,325,6.03
220.84.131.183,39831,TRUE,ICN,KR,Asia Pacific,Seoul,4766,Korea Telecom,362,6.02
1.223.109.13,50033,TRUE,ICN,KR,Asia Pacific,Seoul,3786,LG DACOM Corporation,388,6.02
118.35.213.199,39953,TRUE,ICN,KR,Asia Pacific,Seoul,4766,Korea Telecom,424,6.01
218.147.212.203,39926,TRUE,ICN,KR,Asia Pacific,Seoul,4766,Korea Telecom,332,6.01
183.96.62.61,39823,TRUE,ICN,KR,Asia Pacific,Seoul,4766,Korea Telecom,386,6.00
106.249.142.204,50025,TRUE,ICN,KR,Asia Pacific,Seoul,3786,LG DACOM Corporation,341,6.00
121.179.218.9,39813,TRUE,ICN,KR,Asia Pacific,Seoul,4766,Korea Telecom,346,6.00
220.118.249.169,39846,TRUE,ICN,KR,Asia Pacific,Seoul,4766,Korea Telecom,318,6.00
59.17.46.67,50027,TRUE,ICN,KR,Asia Pacific,Seoul,4766,Korea Telecom,314,5.99
112.163.230.70,39928,TRUE,ICN,KR,Asia Pacific,Seoul,4766,Korea Telecom,397,5.99
59.3.100.176,50028,TRUE,ICN,KR,Asia Pacific,Seoul,4766,Korea Telecom,322,5.99
61.41.133.195,50035,TRUE,ICN,KR,Asia Pacific,Seoul,3786,LG DACOM Corporation,445,5.98
61.74.89.221,39858,TRUE,ICN,KR,Asia Pacific,Seoul,4766,Korea Telecom,363,5.98
1.215.194.42,50024,TRUE,ICN,KR,Asia Pacific,Seoul,3786,LG DACOM Corporation,328,5.98
121.137.58.166,39987,TRUE,ICN,KR,Asia Pacific,Seoul,4766,Korea Telecom,355,5.97
14.50.42.19,39917,TRUE,ICN,KR,Asia Pacific,Seoul,4766,Korea Telecom,354,5.97
146.56.139.40,45139,TRUE,ICN,KR,Asia Pacific,Seoul,31898,ORACLE-BMC-31898,251,5.97
118.219.227.220,39880,TRUE,ICN,KR,Asia Pacific,Seoul,9318,SK Broadband Co Ltd,373,5.95
211.219.39.253,50022,TRUE,ICN,KR,Asia Pacific,Seoul,4766,Korea Telecom,316,5.95
61.77.34.212,39946,TRUE,ICN,KR,Asia Pacific,Seoul,4766,Korea Telecom,363,5.94
123.111.152.207,50028,TRUE,ICN,KR,Asia Pacific,Seoul,9318,SK Broadband Co Ltd,318,5.92
203.236.109.80,39909,TRUE,ICN,KR,Asia Pacific,Seoul,4766,Korea Telecom,346,5.92
115.91.127.251,39993,TRUE,ICN,KR,Asia Pacific,Seoul,3786,LG DACOM Corporation,382,5.92
222.113.39.207,50035,TRUE,ICN,KR,Asia Pacific,Seoul,4766,Korea Telecom,380,5.92
183.104.90.133,39862,TRUE,ICN,KR,Asia Pacific,Seoul,4766,Korea Telecom,352,5.91
210.90.151.247,39951,TRUE,ICN,KR,Asia Pacific,Seoul,4766,Korea Telecom,378,5.91
1.249.131.246,50036,TRUE,ICN,KR,Asia Pacific,Seoul,9318,SK Broadband Co Ltd,362,5.90
210.90.151.247,39893,TRUE,ICN,KR,Asia Pacific,Seoul,4766,Korea Telecom,342,5.90
221.149.111.12,39968,TRUE,ICN,KR,Asia Pacific,Seoul,4766,Korea Telecom,334,5.90
220.127.78.184,39926,TRUE,ICN,KR,Asia Pacific,Seoul,4766,Korea Telecom,363,5.89
175.206.19.87,39897,TRUE,ICN,KR,Asia Pacific,Seoul,4766,Korea Telecom,391,5.89
121.156.218.58,39859,TRUE,ICN,KR,Asia Pacific,Seoul,4766,Korea Telecom,329,5.89
1.221.180.155,50036,TRUE,ICN,KR,Asia Pacific,Seoul,3786,LG DACOM Corporation,419,5.89
218.153.122.205,39883,TRUE,ICN,KR,Asia Pacific,Seoul,4766,Korea Telecom,438,5.87
121.172.26.67,39917,TRUE,ICN,KR,Asia Pacific,Seoul,4766,Korea Telecom,340,5.86
119.204.152.47,50035,TRUE,ICN,KR,Asia Pacific,Seoul,4766,Korea Telecom,440,5.86
221.159.203.188,39936,TRUE,ICN,KR,Asia Pacific,Seoul,4766,Korea Telecom,364,5.86
59.6.120.199,50034,TRUE,ICN,KR,Asia Pacific,Seoul,4766,Korea Telecom,340,5.86
175.202.134.144,50027,TRUE,ICN,KR,Asia Pacific,Seoul,4766,Korea Telecom,340,5.85
175.193.102.95,39986,TRUE,ICN,KR,Asia Pacific,Seoul,4766,Korea Telecom,356,5.84
183.97.43.222,39864,TRUE,ICN,KR,Asia Pacific,Seoul,4766,Korea Telecom,365,5.82
121.149.121.176,39954,TRUE,ICN,KR,Asia Pacific,Seoul,4766,Korea Telecom,466,5.82
112.165.83.167,50035,TRUE,ICN,KR,Asia Pacific,Seoul,4766,Korea Telecom,340,5.82
210.97.101.158,39894,TRUE,ICN,KR,Asia Pacific,Seoul,4766,Korea Telecom,364,5.81
220.127.78.184,39973,TRUE,ICN,KR,Asia Pacific,Seoul,4766,Korea Telecom,361,5.81
222.116.40.5,39901,TRUE,ICN,KR,Asia Pacific,Seoul,4766,Korea Telecom,413,5.79
59.13.243.183,39995,TRUE,ICN,KR,Asia Pacific,Seoul,4766,Korea Telecom,359,5.79
220.125.55.47,45011,TRUE,ICN,KR,Asia Pacific,Seoul,4766,Korea Telecom,307,5.78
221.160.205.130,39908,TRUE,ICN,KR,Asia Pacific,Seoul,4766,Korea Telecom,346,5.77
119.202.16.138,39902,TRUE,ICN,KR,Asia Pacific,Seoul,4766,Korea Telecom,391,5.76
220.73.70.34,39850,TRUE,ICN,KR,Asia Pacific,Seoul,4766,Korea Telecom,376,5.76
1.222.17.187,50021,TRUE,ICN,KR,Asia Pacific,Seoul,3786,LG DACOM Corporation,397,5.76
220.90.172.89,39823,TRUE,ICN,KR,Asia Pacific,Seoul,4766,Korea Telecom,351,5.75
222.119.227.244,50031,TRUE,ICN,KR,Asia Pacific,Seoul,4766,Korea Telecom,349,5.74
14.37.62.94,39972,TRUE,ICN,KR,Asia Pacific,Seoul,4766,Korea Telecom,336,5.74
222.119.24.197,39891,TRUE,ICN,KR,Asia Pacific,Seoul,4766,Korea Telecom,356,5.73
121.137.42.14,50024,TRUE,ICN,KR,Asia Pacific,Seoul,4766,Korea Telecom,391,5.72
211.203.134.213,50037,TRUE,ICN,KR,Asia Pacific,Seoul,9318,SK Broadband Co Ltd,425,5.69
175.201.127.138,39950,TRUE,ICN,KR,Asia Pacific,Seoul,4766,Korea Telecom,368,5.69
1.220.146.22,50011,TRUE,ICN,KR,Asia Pacific,Seoul,3786,LG DACOM Corporation,369,5.68
61.79.203.73,50027,TRUE,ICN,KR,Asia Pacific,Seoul,4766,Korea Telecom,329,5.67
112.163.230.70,39859,TRUE,ICN,KR,Asia Pacific,Seoul,4766,Korea Telecom,369,5.67
183.97.234.117,39995,TRUE,ICN,KR,Asia Pacific,Seoul,4766,Korea Telecom,703,5.67
220.84.131.183,39842,TRUE,ICN,KR,Asia Pacific,Seoul,4766,Korea Telecom,373,5.66
121.166.226.161,50027,TRUE,ICN,KR,Asia Pacific,Seoul,4766,Korea Telecom,333,5.66
106.244.149.195,39907,TRUE,ICN,KR,Asia Pacific,Seoul,3786,LG DACOM Corporation,349,5.65
61.77.34.212,39945,TRUE,ICN,KR,Asia Pacific,Seoul,4766,Korea Telecom,382,5.65
112.167.218.235,39943,TRUE,ICN,KR,Asia Pacific,Seoul,4766,Korea Telecom,351,5.65
118.39.115.184,39963,TRUE,ICN,KR,Asia Pacific,Seoul,4766,Korea Telecom,324,5.65
118.41.163.140,39920,TRUE,ICN,KR,Asia Pacific,Seoul,4766,Korea Telecom,384,5.64
116.121.96.103,50036,TRUE,ICN,KR,Asia Pacific,Seoul,9318,SK Broadband Co Ltd,418,5.64
222.108.252.112,50036,TRUE,ICN,KR,Asia Pacific,Seoul,4766,Korea Telecom,333,5.64
211.184.237.204,39935,TRUE,ICN,KR,Asia Pacific,Seoul,4766,Korea Telecom,358,5.62
218.149.116.189,50036,TRUE,ICN,KR,Asia Pacific,Seoul,4766,Korea Telecom,442,5.62
121.179.166.89,39892,TRUE,ICN,KR,Asia Pacific,Seoul,4766,Korea Telecom,336,5.62
14.54.105.143,39838,TRUE,ICN,KR,Asia Pacific,Seoul,4766,Korea Telecom,355,5.62
125.128.132.216,39828,TRUE,ICN,KR,Asia Pacific,Seoul,4766,Korea Telecom,372,5.61
218.148.205.203,50027,TRUE,ICN,KR,Asia Pacific,Seoul,4766,Korea Telecom,303,5.60
146.56.166.59,46060,TRUE,ICN,KR,Asia Pacific,Seoul,31898,ORACLE-BMC-31898,224,5.60
118.131.115.3,50026,TRUE,ICN,KR,Asia Pacific,Seoul,3786,LG DACOM Corporation,334,5.59
175.196.248.156,39893,TRUE,ICN,KR,Asia Pacific,Seoul,4766,Korea Telecom,386,5.58
221.160.48.21,39888,TRUE,ICN,KR,Asia Pacific,Seoul,4766,Korea Telecom,329,5.57
59.31.117.233,39889,TRUE,ICN,KR,Asia Pacific,Seoul,4766,Korea Telecom,361,5.57
220.80.74.129,50035,TRUE,ICN,KR,Asia Pacific,Seoul,4766,Korea Telecom,396,5.56
211.199.164.195,50027,TRUE,ICN,KR,Asia Pacific,Seoul,4766,Korea Telecom,376,5.55
121.145.236.5,50035,TRUE,ICN,KR,Asia Pacific,Seoul,4766,Korea Telecom,410,5.54
218.146.90.60,50035,TRUE,ICN,KR,Asia Pacific,Seoul,4766,Korea Telecom,423,5.52
211.248.30.42,39971,TRUE,ICN,KR,Asia Pacific,Seoul,4766,Korea Telecom,392,5.52
183.102.27.103,39904,TRUE,ICN,KR,Asia Pacific,Seoul,4766,Korea Telecom,329,5.52
211.219.120.238,50031,TRUE,ICN,KR,Asia Pacific,Seoul,4766,Korea Telecom,368,5.51
112.163.230.70,39935,TRUE,ICN,KR,Asia Pacific,Seoul,4766,Korea Telecom,397,5.51
14.45.13.126,39825,TRUE,ICN,KR,Asia Pacific,Seoul,4766,Korea Telecom,344,5.51
211.198.86.60,39896,TRUE,ICN,KR,Asia Pacific,Seoul,4766,Korea Telecom,364,5.50
121.145.131.23,39976,TRUE,ICN,KR,Asia Pacific,Seoul,4766,Korea Telecom,383,5.49
59.7.41.44,39850,TRUE,ICN,KR,Asia Pacific,Seoul,4766,Korea Telecom,357,5.49
220.149.158.61,50027,TRUE,ICN,KR,Asia Pacific,Seoul,4766,Korea Telecom,387,5.49
175.125.2.37,50024,TRUE,ICN,KR,Asia Pacific,Seoul,9318,SK Broadband Co Ltd,402,5.49
119.202.221.107,39890,TRUE,ICN,KR,Asia Pacific,Seoul,4766,Korea Telecom,357,5.49
121.189.199.70,50036,TRUE,ICN,KR,Asia Pacific,Seoul,4766,Korea Telecom,402,5.49
59.2.231.161,39957,TRUE,ICN,KR,Asia Pacific,Seoul,4766,Korea Telecom,375,5.47
110.10.140.145,50032,TRUE,ICN,KR,Asia Pacific,Seoul,9318,SK Broadband Co Ltd,326,5.46
112.163.230.70,39889,TRUE,ICN,KR,Asia Pacific,Seoul,4766,Korea Telecom,405,5.46
220.82.203.172,39853,TRUE,ICN,KR,Asia Pacific,Seoul,4766,Korea Telecom,363,5.45
222.119.247.187,39835,TRUE,ICN,KR,Asia Pacific,Seoul,4766,Korea Telecom,362,5.45
58.72.79.18,50024,TRUE,ICN,KR,Asia Pacific,Seoul,3786,LG DACOM Corporation,360,5.44
221.161.65.216,39877,TRUE,ICN,KR,Asia Pacific,Seoul,4766,Korea Telecom,392,5.42
175.206.19.87,39826,TRUE,ICN,KR,Asia Pacific,Seoul,4766,Korea Telecom,386,5.42
121.167.108.242,39825,TRUE,ICN,KR,Asia Pacific,Seoul,4766,Korea Telecom,362,5.42
59.27.128.175,50035,TRUE,ICN,KR,Asia Pacific,Seoul,4766,Korea Telecom,441,5.42
121.128.146.39,50038,TRUE,ICN,KR,Asia Pacific,Seoul,4766,Korea Telecom,404,5.41
175.208.162.19,39893,TRUE,ICN,KR,Asia Pacific,Seoul,4766,Korea Telecom,362,5.41
59.13.222.240,50032,TRUE,ICN,KR,Asia Pacific,Seoul,4766,Korea Telecom,358,5.40
211.250.168.204,50024,TRUE,ICN,KR,Asia Pacific,Seoul,4766,Korea Telecom,311,5.39
118.41.163.140,39883,TRUE,ICN,KR,Asia Pacific,Seoul,4766,Korea Telecom,357,5.39
211.192.158.219,39886,TRUE,ICN,KR,Asia Pacific,Seoul,4766,Korea Telecom,333,5.37
220.70.127.239,50028,TRUE,ICN,KR,Asia Pacific,Seoul,4766,Korea Telecom,357,5.36
210.183.35.135,39914,TRUE,ICN,KR,Asia Pacific,Seoul,4766,Korea Telecom,338,5.36
175.199.66.14,39835,TRUE,ICN,KR,Asia Pacific,Seoul,4766,Korea Telecom,362,5.36
61.75.133.44,50035,TRUE,ICN,KR,Asia Pacific,Seoul,4766,Korea Telecom,433,5.34
211.197.26.25,39996,TRUE,ICN,KR,Asia Pacific,Seoul,4766,Korea Telecom,349,5.34
222.119.247.187,39918,TRUE,ICN,KR,Asia Pacific,Seoul,4766,Korea Telecom,386,5.33
121.149.121.176,39952,TRUE,ICN,KR,Asia Pacific,Seoul,4766,Korea Telecom,437,5.32
59.12.221.121,50032,TRUE,ICN,KR,Asia Pacific,Seoul,4766,Korea Telecom,382,5.30
118.41.163.140,39954,TRUE,ICN,KR,Asia Pacific,Seoul,4766,Korea Telecom,370,5.29
220.70.127.2,50031,TRUE,ICN,KR,Asia Pacific,Seoul,4766,Korea Telecom,374,5.29
203.243.29.220,39968,TRUE,ICN,KR,Asia Pacific,Seoul,4766,Korea Telecom,336,5.28
221.157.33.162,39901,TRUE,ICN,KR,Asia Pacific,Seoul,4766,Korea Telecom,391,5.28
118.34.248.129,50031,TRUE,ICN,KR,Asia Pacific,Seoul,4766,Korea Telecom,448,5.27
222.103.130.244,39949,TRUE,ICN,KR,Asia Pacific,Seoul,4766,Korea Telecom,352,5.27
112.166.90.4,50032,TRUE,ICN,KR,Asia Pacific,Seoul,4766,Korea Telecom,353,5.27
125.135.9.44,50027,TRUE,ICN,KR,Asia Pacific,Seoul,4766,Korea Telecom,361,5.25
222.103.115.75,50025,TRUE,ICN,KR,Asia Pacific,Seoul,4766,Korea Telecom,323,5.25
14.46.213.93,50032,TRUE,ICN,KR,Asia Pacific,Seoul,4766,Korea Telecom,375,5.25
211.194.201.60,39946,TRUE,ICN,KR,Asia Pacific,Seoul,4766,Korea Telecom,390,5.25
59.9.79.74,50030,TRUE,ICN,KR,Asia Pacific,Seoul,4766,Korea Telecom,329,5.24
14.55.36.151,50036,TRUE,ICN,KR,Asia Pacific,Seoul,4766,Korea Telecom,446,5.23
125.143.17.8,39826,TRUE,ICN,KR,Asia Pacific,Seoul,4766,Korea Telecom,355,5.23
220.70.163.31,50025,TRUE,ICN,KR,Asia Pacific,Seoul,4766,Korea Telecom,323,5.23
61.37.101.30,50036,TRUE,ICN,KR,Asia Pacific,Seoul,3786,LG DACOM Corporation,336,5.21
180.70.218.108,39898,TRUE,ICN,KR,Asia Pacific,Seoul,9318,SK Broadband Co Ltd,379,5.21
218.155.250.218,50027,TRUE,ICN,KR,Asia Pacific,Seoul,4766,Korea Telecom,290,5.19
119.207.134.107,50020,TRUE,ICN,KR,Asia Pacific,Seoul,4766,Korea Telecom,326,5.17
220.125.247.66,50024,TRUE,ICN,KR,Asia Pacific,Seoul,4766,Korea Telecom,337,5.17
183.105.192.75,39831,TRUE,ICN,KR,Asia Pacific,Seoul,4766,Korea Telecom,381,5.17
1.236.238.14,39936,TRUE,ICN,KR,Asia Pacific,Seoul,9318,SK Broadband Co Ltd,388,5.16
121.168.90.204,39882,TRUE,ICN,KR,Asia Pacific,Seoul,4766,Korea Telecom,355,5.16
221.166.156.189,50024,TRUE,ICN,KR,Asia Pacific,Seoul,4766,Korea Telecom,319,5.15
211.228.190.134,39846,TRUE,ICN,KR,Asia Pacific,Seoul,4766,Korea Telecom,335,5.14
175.125.207.253,39834,TRUE,ICN,KR,Asia Pacific,Seoul,9318,SK Broadband Co Ltd,339,5.14
183.96.62.61,39876,TRUE,ICN,KR,Asia Pacific,Seoul,4766,Korea Telecom,347,5.14
210.123.8.151,50024,TRUE,ICN,KR,Asia Pacific,Seoul,4766,Korea Telecom,346,5.14
211.105.215.226,50024,TRUE,ICN,KR,Asia Pacific,Seoul,4766,Korea Telecom,359,5.12
211.42.210.76,50024,TRUE,ICN,KR,Asia Pacific,Seoul,4766,Korea Telecom,416,5.09
222.103.27.12,39970,TRUE,ICN,KR,Asia Pacific,Seoul,4766,Korea Telecom,315,5.07
61.84.62.196,39928,TRUE,ICN,KR,Asia Pacific,Seoul,4766,Korea Telecom,356,5.06
175.215.47.41,50026,TRUE,ICN,KR,Asia Pacific,Seoul,4766,Korea Telecom,331,5.05
1.222.108.75,50024,TRUE,ICN,KR,Asia Pacific,Seoul,3786,LG DACOM Corporation,354,5.05
115.91.95.202,39981,TRUE,ICN,KR,Asia Pacific,Seoul,3786,LG DACOM Corporation,349,5.04
175.206.19.87,39997,TRUE,ICN,KR,Asia Pacific,Seoul,4766,Korea Telecom,402,5.04
121.136.176.84,50027,TRUE,ICN,KR,Asia Pacific,Seoul,4766,Korea Telecom,328,5.02
211.196.128.159,39850,TRUE,ICN,KR,Asia Pacific,Seoul,4766,Korea Telecom,357,5.02
121.148.115.71,50025,TRUE,ICN,KR,Asia Pacific,Seoul,4766,Korea Telecom,361,5.02
221.157.0.159,39937,TRUE,ICN,KR,Asia Pacific,Seoul,4766,Korea Telecom,388,5.02
175.206.19.87,39938,TRUE,ICN,KR,Asia Pacific,Seoul,4766,Korea Telecom,425,5.01
119.207.114.52,50027,TRUE,ICN,KR,Asia Pacific,Seoul,4766,Korea Telecom,350,4.98
106.248.34.75,39872,TRUE,ICN,KR,Asia Pacific,Seoul,3786,LG DACOM Corporation,391,4.95
125.132.109.199,50024,TRUE,ICN,KR,Asia Pacific,Seoul,4766,Korea Telecom,345,4.95
1.248.163.32,50024,TRUE,ICN,KR,Asia Pacific,Seoul,9318,SK Broadband Co Ltd,359,4.95
61.75.133.44,50032,TRUE,ICN,KR,Asia Pacific,Seoul,4766,Korea Telecom,329,4.94
118.41.163.140,39900,TRUE,ICN,KR,Asia Pacific,Seoul,4766,Korea Telecom,397,4.93
125.143.17.8,39866,TRUE,ICN,KR,Asia Pacific,Seoul,4766,Korea Telecom,342,4.92
220.83.76.123,39931,TRUE,ICN,KR,Asia Pacific,Seoul,4766,Korea Telecom,354,4.92
112.219.148.204,50036,TRUE,ICN,KR,Asia Pacific,Seoul,3786,LG DACOM Corporation,400,4.91
112.152.52.240,50035,TRUE,ICN,KR,Asia Pacific,Seoul,17858,LG POWERCOMM,323,4.91
124.55.33.121,39901,TRUE,ICN,KR,Asia Pacific,Seoul,17858,LG POWERCOMM,404,4.90
220.94.169.188,50029,TRUE,ICN,KR,Asia Pacific,Seoul,4766,Korea Telecom,314,4.90
210.90.151.247,39977,TRUE,ICN,KR,Asia Pacific,Seoul,4766,Korea Telecom,344,4.90
112.164.217.172,39917,TRUE,ICN,KR,Asia Pacific,Seoul,4766,Korea Telecom,380,4.90
118.35.213.199,39980,TRUE,ICN,KR,Asia Pacific,Seoul,4766,Korea Telecom,322,4.89
14.54.105.143,39899,TRUE,ICN,KR,Asia Pacific,Seoul,4766,Korea Telecom,379,4.88
61.83.171.47,50029,TRUE,ICN,KR,Asia Pacific,Seoul,4766,Korea Telecom,334,4.84
175.212.237.31,39976,TRUE,ICN,KR,Asia Pacific,Seoul,4766,Korea Telecom,401,4.84
183.103.221.122,50036,TRUE,ICN,KR,Asia Pacific,Seoul,4766,Korea Telecom,343,4.83
14.53.41.163,50036,TRUE,ICN,KR,Asia Pacific,Seoul,4766,Korea Telecom,428,4.83
119.199.47.73,50025,TRUE,ICN,KR,Asia Pacific,Seoul,4766,Korea Telecom,422,4.83
222.118.181.165,50026,TRUE,ICN,KR,Asia Pacific,Seoul,4766,Korea Telecom,355,4.81
220.77.125.42,50035,TRUE,ICN,KR,Asia Pacific,Seoul,4766,Korea Telecom,396,4.81
220.80.74.129,50027,TRUE,ICN,KR,Asia Pacific,Seoul,4766,Korea Telecom,367,4.81
218.145.5.9,50030,TRUE,ICN,KR,Asia Pacific,Seoul,4766,Korea Telecom,351,4.80
220.118.249.169,39837,TRUE,ICN,KR,Asia Pacific,Seoul,4766,Korea Telecom,376,4.79
61.79.203.73,50025,TRUE,ICN,KR,Asia Pacific,Seoul,4766,Korea Telecom,388,4.78
115.93.169.180,50025,TRUE,ICN,KR,Asia Pacific,Seoul,3786,LG DACOM Corporation,364,4.76
119.205.17.98,39815,TRUE,ICN,KR,Asia Pacific,Seoul,4766,Korea Telecom,364,4.76
222.103.140.41,50029,TRUE,ICN,KR,Asia Pacific,Seoul,4766,Korea Telecom,301,4.76
183.99.29.82,39937,TRUE,ICN,KR,Asia Pacific,Seoul,4766,Korea Telecom,363,4.75
183.108.184.228,39991,TRUE,ICN,KR,Asia Pacific,Seoul,4766,Korea Telecom,319,4.74
220.80.5.87,50026,TRUE,ICN,KR,Asia Pacific,Seoul,4766,Korea Telecom,339,4.69
210.205.185.215,39994,TRUE,ICN,KR,Asia Pacific,Seoul,9318,SK Broadband Co Ltd,340,4.68
59.22.152.139,39896,TRUE,ICN,KR,Asia Pacific,Seoul,4766,Korea Telecom,327,4.68
119.199.91.182,39824,TRUE,ICN,KR,Asia Pacific,Seoul,4766,Korea Telecom,1007,4.67
222.114.29.162,39921,TRUE,ICN,KR,Asia Pacific,Seoul,4766,Korea Telecom,366,4.67
222.119.247.187,39939,TRUE,ICN,KR,Asia Pacific,Seoul,4766,Korea Telecom,405,4.67
1.221.180.155,50025,TRUE,ICN,KR,Asia Pacific,Seoul,3786,LG DACOM Corporation,384,4.67
121.184.136.172,50031,TRUE,ICN,KR,Asia Pacific,Seoul,4766,Korea Telecom,378,4.66
118.131.107.154,50024,TRUE,ICN,KR,Asia Pacific,Seoul,3786,LG DACOM Corporation,358,4.64
175.206.19.87,39986,TRUE,ICN,KR,Asia Pacific,Seoul,4766,Korea Telecom,370,4.64
211.228.137.211,50036,TRUE,ICN,KR,Asia Pacific,Seoul,4766,Korea Telecom,400,4.63
222.108.252.112,50027,TRUE,ICN,KR,Asia Pacific,Seoul,4766,Korea Telecom,331,4.61
116.40.251.4,45033,TRUE,ICN,KR,Asia Pacific,Seoul,17858,LG POWERCOMM,343,4.60
211.218.83.2,50032,TRUE,ICN,KR,Asia Pacific,Seoul,4766,Korea Telecom,382,4.59
115.20.196.36,50039,TRUE,ICN,KR,Asia Pacific,Seoul,4766,Korea Telecom,406,4.59
220.82.203.172,39830,TRUE,ICN,KR,Asia Pacific,Seoul,4766,Korea Telecom,328,4.56
222.119.247.187,39914,TRUE,ICN,KR,Asia Pacific,Seoul,4766,Korea Telecom,334,4.55
183.99.172.142,50034,TRUE,ICN,KR,Asia Pacific,Seoul,4766,Korea Telecom,327,4.55
118.37.140.196,50035,TRUE,ICN,KR,Asia Pacific,Seoul,4766,Korea Telecom,331,4.54
211.199.66.141,45026,TRUE,ICN,KR,Asia Pacific,Seoul,4766,Korea Telecom,321,4.53
222.119.247.187,39864,TRUE,ICN,KR,Asia Pacific,Seoul,4766,Korea Telecom,337,4.46
119.207.53.233,50031,TRUE,ICN,KR,Asia Pacific,Seoul,4766,Korea Telecom,394,4.46
220.78.253.128,50037,TRUE,ICN,KR,Asia Pacific,Seoul,4766,Korea Telecom,440,4.45
132.226.21.147,56975,TRUE,ICN,KR,Asia Pacific,Seoul,31898,ORACLE-BMC-31898,195,4.45
59.2.231.161,39883,TRUE,ICN,KR,Asia Pacific,Seoul,4766,Korea Telecom,465,4.45
211.248.30.42,39921,TRUE,ICN,KR,Asia Pacific,Seoul,4766,Korea Telecom,341,4.36
220.86.116.220,39836,TRUE,ICN,KR,Asia Pacific,Seoul,4766,Korea Telecom,363,4.36
211.210.72.224,39944,TRUE,ICN,KR,Asia Pacific,Seoul,9318,SK Broadband Co Ltd,433,4.30
119.194.230.206,39984,TRUE,ICN,KR,Asia Pacific,Seoul,4766,Korea Telecom,923,4.30
118.43.82.92,50030,TRUE,ICN,KR,Asia Pacific,Seoul,4766,Korea Telecom,376,4.26
182.230.121.50,50030,TRUE,ICN,KR,Asia Pacific,Seoul,17858,LG POWERCOMM,310,4.26
175.212.237.31,39964,TRUE,ICN,KR,Asia Pacific,Seoul,4766,Korea Telecom,356,4.24
111.65.150.65,50025,TRUE,ICN,KR,Asia Pacific,Seoul,17573,SK Broadband Co Ltd,423,4.18
121.151.80.184,39815,TRUE,ICN,KR,Asia Pacific,Seoul,4766,Korea Telecom,367,4.15
61.80.160.212,50032,TRUE,ICN,KR,Asia Pacific,Seoul,4766,Korea Telecom,384,4.14
175.194.208.17,50031,TRUE,ICN,KR,Asia Pacific,Seoul,4766,Korea Telecom,383,4.12
118.38.198.2,39894,TRUE,ICN,KR,Asia Pacific,Seoul,4766,Korea Telecom,359,4.03
183.107.11.144,39857,TRUE,ICN,KR,Asia Pacific,Seoul,4766,Korea Telecom,352,4.01
210.183.35.135,39913,TRUE,ICN,KR,Asia Pacific,Seoul,4766,Korea Telecom,382,4.01
211.194.173.59,50024,TRUE,ICN,KR,Asia Pacific,Seoul,4766,Korea Telecom,346,4.00
175.205.227.20,39875,TRUE,ICN,KR,Asia Pacific,Seoul,4766,Korea Telecom,363,4.00
221.160.61.240,50024,TRUE,ICN,KR,Asia Pacific,Seoul,4766,Korea Telecom,336,3.99
1.248.163.32,50034,TRUE,ICN,KR,Asia Pacific,Seoul,9318,SK Broadband Co Ltd,319,3.99
111.65.150.65,50029,TRUE,ICN,KR,Asia Pacific,Seoul,17573,SK Broadband Co Ltd,385,3.98
1.252.178.75,39852,TRUE,ICN,KR,Asia Pacific,Seoul,9318,SK Broadband Co Ltd,412,3.94
14.36.97.87,39929,TRUE,ICN,KR,Asia Pacific,Seoul,4766,Korea Telecom,377,3.93
203.229.92.209,50033,TRUE,ICN,KR,Asia Pacific,Seoul,38095,SK Broadband Co Ltd,329,3.91
14.53.138.78,39953,TRUE,ICN,KR,Asia Pacific,Seoul,4766,Korea Telecom,464,3.89
220.77.80.39,50024,TRUE,ICN,KR,Asia Pacific,Seoul,4766,Korea Telecom,347,3.88
121.177.159.95,39827,TRUE,ICN,KR,Asia Pacific,Seoul,4766,Korea Telecom,328,3.86
121.167.72.235,50031,TRUE,ICN,KR,Asia Pacific,Seoul,4766,Korea Telecom,360,3.86
211.63.33.138,39847,TRUE,ICN,KR,Asia Pacific,Seoul,3786,LG DACOM Corporation,343,3.84
183.108.176.121,50030,TRUE,ICN,KR,Asia Pacific,Seoul,4766,Korea Telecom,334,3.76
121.181.17.93,39935,TRUE,ICN,KR,Asia Pacific,Seoul,4766,Korea Telecom,428,3.74
61.35.159.221,50035,TRUE,ICN,KR,Asia Pacific,Seoul,3786,LG DACOM Corporation,336,3.74
211.35.140.71,50030,TRUE,ICN,KR,Asia Pacific,Seoul,4766,Korea Telecom,331,3.72
222.100.183.160,50035,TRUE,ICN,KR,Asia Pacific,Seoul,4766,Korea Telecom,399,3.72
58.238.88.129,39840,TRUE,ICN,KR,Asia Pacific,Seoul,9318,SK Broadband Co Ltd,351,3.71
39.122.170.216,50031,TRUE,ICN,KR,Asia Pacific,Seoul,9318,SK Broadband Co Ltd,369,3.67
118.91.7.206,39877,TRUE,ICN,KR,Asia Pacific,Seoul,7562,HCN Dongjak,214,3.61
106.248.34.75,39952,TRUE,ICN,KR,Asia Pacific,Seoul,3786,LG DACOM Corporation,462,3.53
112.163.230.70,39947,TRUE,ICN,KR,Asia Pacific,Seoul,4766,Korea Telecom,375,3.49
125.143.238.3,50027,TRUE,ICN,KR,Asia Pacific,Seoul,4766,Korea Telecom,400,3.48
112.186.47.116,39868,TRUE,ICN,KR,Asia Pacific,Seoul,4766,Korea Telecom,349,3.46
116.40.251.4,45029,TRUE,ICN,KR,Asia Pacific,Seoul,17858,LG POWERCOMM,348,3.45
115.22.87.246,39867,TRUE,ICN,KR,Asia Pacific,Seoul,4766,Korea Telecom,370,3.34
175.207.255.123,50028,TRUE,ICN,KR,Asia Pacific,Seoul,4766,Korea Telecom,375,3.33
211.55.202.96,39893,TRUE,ICN,KR,Asia Pacific,Seoul,4766,Korea Telecom,388,3.32
211.42.255.79,50030,TRUE,ICN,KR,Asia Pacific,Seoul,3786,LG DACOM Corporation,342,3.31
211.106.63.59,39968,TRUE,ICN,KR,Asia Pacific,Seoul,4766,Korea Telecom,411,3.30
119.194.34.220,39822,TRUE,ICN,KR,Asia Pacific,Seoul,4766,Korea Telecom,413,3.30
220.118.249.169,39887,TRUE,ICN,KR,Asia Pacific,Seoul,4766,Korea Telecom,321,3.11
220.72.215.197,39976,TRUE,ICN,KR,Asia Pacific,Seoul,4766,Korea Telecom,341,3.02
1.237.224.43,39929,TRUE,ICN,KR,Asia Pacific,Seoul,9318,SK Broadband Co Ltd,378,2.95
14.36.241.233,39927,TRUE,ICN,KR,Asia Pacific,Seoul,4766,Korea Telecom,342,2.94
45.112.161.235,39965,TRUE,ICN,KR,Asia Pacific,Seoul,17573,SK Broadband Co Ltd,402,2.92
175.202.123.41,39874,TRUE,ICN,KR,Asia Pacific,Seoul,4766,Korea Telecom,344,2.87
183.96.62.61,39978,TRUE,ICN,KR,Asia Pacific,Seoul,4766,Korea Telecom,365,2.80
183.97.43.222,39893,TRUE,ICN,KR,Asia Pacific,Seoul,4766,Korea Telecom,393,2.73
27.126.33.65,50025,TRUE,ICN,KR,Asia Pacific,Seoul,38133,CMB,389,2.65
218.155.164.163,39871,TRUE,ICN,KR,Asia Pacific,Seoul,4766,Korea Telecom,361,2.60
125.132.146.20,39841,TRUE,ICN,KR,Asia Pacific,Seoul,4766,Korea Telecom,343,2.59
118.217.228.238,39866,TRUE,ICN,KR,Asia Pacific,Seoul,9318,SK Broadband Co Ltd,375,2.56
14.55.47.57,50024,TRUE,ICN,KR,Asia Pacific,Seoul,4766,Korea Telecom,340,2.54
210.183.35.135,39842,TRUE,ICN,KR,Asia Pacific,Seoul,4766,Korea Telecom,345,2.19
220.72.215.197,39816,TRUE,ICN,KR,Asia Pacific,Seoul,4766,Korea Telecom,361,2.06
14.37.166.86,50025,TRUE,ICN,KR,Asia Pacific,Seoul,4766,Korea Telecom,384,2.05
218.209.141.34,39883,TRUE,ICN,KR,Asia Pacific,Seoul,23563,SK Broadband Co Ltd,376,2.02
49.161.100.250,50027,TRUE,ICN,KR,Asia Pacific,Seoul,17858,LG POWERCOMM,317,2.00
111.65.176.140,39870,TRUE,ICN,KR,Asia Pacific,Seoul,17573,SK Broadband Co Ltd,455,1.94
175.212.237.31,39963,TRUE,ICN,KR,Asia Pacific,Seoul,4766,Korea Telecom,332,1.91
175.125.207.253,39894,TRUE,ICN,KR,Asia Pacific,Seoul,9318,SK Broadband Co Ltd,332,1.88
111.65.159.250,50027,TRUE,ICN,KR,Asia Pacific,Seoul,17573,SK Broadband Co Ltd,386,1.70
111.65.176.140,39921,TRUE,ICN,KR,Asia Pacific,Seoul,17573,SK Broadband Co Ltd,411,1.65
210.87.202.245,52646,TRUE,ICN,KR,Asia Pacific,Seoul,138195,MOACK.Co.LTD,302,1.63
111.171.120.24,50028,TRUE,ICN,KR,Asia Pacific,Seoul,38109,SK Broadband Co Ltd,392,1.61
111.65.134.89,50031,TRUE,ICN,KR,Asia Pacific,Seoul,17573,SK Broadband Co Ltd,367,1.59
218.52.232.140,50035,TRUE,ICN,KR,Asia Pacific,Seoul,9318,SK Broadband Co Ltd,439,1.57
59.187.242.236,39830,TRUE,ICN,KR,Asia Pacific,Seoul,7562,HCN Dongjak,300,1.54
111.65.157.58,50026,TRUE,ICN,KR,Asia Pacific,Seoul,17573,SK Broadband Co Ltd,390,1.53
114.202.206.2,50033,TRUE,ICN,KR,Asia Pacific,Seoul,9318,SK Broadband Co Ltd,339,1.53
121.153.248.205,39816,TRUE,ICN,KR,Asia Pacific,Seoul,4766,Korea Telecom,367,1.53
58.236.161.47,50031,TRUE,ICN,KR,Asia Pacific,Seoul,9318,SK Broadband Co Ltd,366,1.53
211.187.96.118,39846,TRUE,ICN,KR,Asia Pacific,Seoul,9318,SK Broadband Co Ltd,423,1.49
59.11.89.252,39989,TRUE,ICN,KR,Asia Pacific,Seoul,4766,Korea Telecom,388,1.41
218.52.232.140,50025,TRUE,ICN,KR,Asia Pacific,Seoul,9318,SK Broadband Co Ltd,329,1.40
59.11.89.252,39867,TRUE,ICN,KR,Asia Pacific,Seoul,4766,Korea Telecom,368,1.36
211.245.199.224,50024,TRUE,ICN,KR,Asia Pacific,Seoul,9318,SK Broadband Co Ltd,436,1.35
111.171.120.24,50042,TRUE,ICN,KR,Asia Pacific,Seoul,38109,SK Broadband Co Ltd,404,1.28
59.11.89.252,39942,TRUE,ICN,KR,Asia Pacific,Seoul,4766,Korea Telecom,389,1.27
59.11.89.252,39861,TRUE,ICN,KR,Asia Pacific,Seoul,4766,Korea Telecom,401,1.26
112.153.243.40,50035,TRUE,ICN,KR,Asia Pacific,Seoul,17858,LG POWERCOMM,402,1.19
116.40.251.4,45030,TRUE,ICN,KR,Asia Pacific,Seoul,17858,LG POWERCOMM,327,1.09
59.11.89.252,39846,TRUE,ICN,KR,Asia Pacific,Seoul,4766,Korea Telecom,360,1.08
211.34.254.81,39826,TRUE,ICN,KR,Asia Pacific,Seoul,4766,Korea Telecom,398,1.06
210.216.105.141,50027,TRUE,ICN,KR,Asia Pacific,Seoul,3786,LG DACOM Corporation,401,1.03
103.86.44.125,65432,TRUE,ICN,KR,Asia Pacific,Seoul,138195,MOACK.Co.LTD,195,1.03
193.122.115.74,52314,TRUE,ICN,KR,Asia Pacific,Seoul,31898,ORACLE-BMC-31898,192,0.92
175.117.97.25,39992,TRUE,ICN,KR,Asia Pacific,Seoul,9318,SK Broadband Co Ltd,367,0.92
116.42.241.193,50025,TRUE,ICN,KR,Asia Pacific,Seoul,17858,LG POWERCOMM,391,0.82
123.111.77.9,39902,TRUE,ICN,KR,Asia Pacific,Seoul,9318,SK Broadband Co Ltd,367,0.79
123.111.77.9,39921,TRUE,ICN,KR,Asia Pacific,Seoul,9318,SK Broadband Co Ltd,363,0.71
112.72.240.72,50024,TRUE,ICN,KR,Asia Pacific,Seoul,9319,HCN CHUNGBUK CABLE TV SYSTEMS,327,0.68
123.213.202.203,50035,TRUE,ICN,KR,Asia Pacific,Seoul,9318,SK Broadband Co Ltd,453,0.64
121.149.9.51,39954,TRUE,ICN,KR,Asia Pacific,Seoul,4766,Korea Telecom,486,0.56
121.149.9.51,39899,TRUE,ICN,KR,Asia Pacific,Seoul,4766,Korea Telecom,450,0.48
60.253.24.31,50028,TRUE,ICN,KR,Asia Pacific,Seoul,9981,Saero Network Service LTD,782,0.47
112.72.162.61,39863,TRUE,ICN,KR,Asia Pacific,Seoul,9319,HCN CHUNGBUK CABLE TV SYSTEMS,393,0.40
122.252.196.94,50034,TRUE,ICN,KR,Asia Pacific,Seoul,38133,CMB,462,0.38
120.136.101.49,50025,TRUE,ICN,KR,Asia Pacific,Seoul,9698,LG HelloVision Corp.,487,0.29
121.149.55.161,39962,TRUE,ICN,KR,Asia Pacific,Seoul,4766,Korea Telecom,450,0.13
59.5.191.37,39844,TRUE,ICN,KR,Asia Pacific,Seoul,4766,Korea Telecom,466,0.10
58.239.203.25,39838,TRUE,ICN,KR,Asia Pacific,Seoul,9318,SK Broadband Co Ltd,448,0.09
58.239.203.25,39954,TRUE,ICN,KR,Asia Pacific,Seoul,9318,SK Broadband Co Ltd,413,0.07
182.217.172.166,39892,TRUE,ICN,KR,Asia Pacific,Seoul,17858,LG POWERCOMM,413,0.05
